{
  "item-states": [
    {
      "folded": false,
      "id": "mount-assets"
    },
    {
      "folded": false,
      "id": "8f32b26a-6446-43a5-893b-e476e6a29b9b"
    },
    {
      "folded": false,
      "id": "51b0ea7f-a166-4130-bf0b-7f70fc60cb1d"
    },
    {
      "folded": false,
      "id": "f2bd42d3-db89-4efd-b925-6233e5f0d525"
    },
    {
      "folded": true,
      "id": "c7e7f505-0e8f-4e9e-bd0f-e728f8fad8e8"
    },
    {
      "folded": true,
      "id": "a19f2dcf-0f50-4268-b3a0-bbdc1492fb16"
    },
    {
      "folded": true,
      "id": "07d60076-0f0c-46be-a3da-aa9fe87d604b"
    },
    {
      "folded": true,
      "id": "58b3a98d-fb96-461f-9e82-8d1f79931f25"
    },
    {
      "folded": true,
      "id": "0f0d9bf9-c718-4ab0-bd20-f7a4bfe5909c"
    },
    {
      "folded": true,
      "id": "928494be-49d2-4a61-b99a-fa4280fc5c3e"
    }
  ]
}