{
  "version": "1.1.1",
  "windows": {
    "main": {
      "main": true,
      "url": "app://editor/index.html",
      "windowType": "dockable",
      "x": 0,
      "y": 23,
      "width": 1280,
      "height": 709,
      "layout": {
        "children": [
          {
            "children": [
              {
                "active": 0,
                "children": [
                  "hierarchy"
                ],
                "height": 428.3125,
                "type": "panel",
                "width": 306.96875
              },
              {
                "active": 0,
                "children": [
                  "assets"
                ],
                "height": 465.6875,
                "type": "panel",
                "width": 306.96875
              }
            ],
            "height": 897,
            "type": "dock-v",
            "width": 306.96875
          },
          {
            "children": [
              {
                "active": 0,
                "children": [
                  "scene"
                ],
                "height": 569.15625,
                "type": "panel",
                "width": 1143.59375
              },
              {
                "active": 0,
                "children": [
                  "console",
                  "timeline"
                ],
                "height": 324.828125,
                "type": "panel",
                "width": 1143.59375
              }
            ],
            "height": 897,
            "type": "dock-v",
            "width": 1143.59375
          },
          {
            "active": 0,
            "children": [
              "inspector"
            ],
            "height": 897,
            "type": "panel",
            "width": 457.4375
          }
        ],
        "type": "dock-h"
      },
      "panels": [
        "console",
        "inspector",
        "hierarchy",
        "assets",
        "scene",
        "timeline"
      ]
    }
  },
  "panels": {}
}